serial number,account_info,duration_month,credit_history,purpose,savings_account,employment_st,poi,personal_status,gurantors,resident_since,property_type,age,installment_type,housing_type,credits_no,job_type,liables,telephone,foreigner
1,A14,24,A34,A46,A61,A75,4,A93,A101,4,A124,54,A143,A153,2,A173,2,A191,A201
2,A12,18,A34,A43,A61,A75,3,A92,A103,4,A121,48,A141,A151,2,A172,1,A192,A201
3,A11,20,A34,A42,A61,A75,1,A92,A101,4,A122,24,A143,A152,2,A173,1,A191,A201
4,A14,12,A34,A43,A65,A75,4,A93,A101,4,A123,35,A143,A152,2,A173,1,A191,A201
5,A12,12,A32,A40,A65,A71,1,A92,A101,2,A121,24,A143,A151,1,A171,1,A191,A201
6,A11,36,A32,A40,A61,A74,2,A93,A101,1,A123,24,A143,A152,1,A173,1,A192,A201
7,A12,6,A32,A43,A61,A72,3,A94,A101,3,A121,26,A143,A152,1,A172,1,A191,A202
8,A14,12,A34,A43,A65,A75,4,A93,A101,4,A121,65,A143,A152,4,A173,1,A191,A201
9,A12,42,A31,A41,A61,A71,1,A93,A101,2,A124,55,A141,A153,1,A174,1,A192,A201
10,A12,15,A30,A40,A61,A72,2,A92,A101,1,A121,26,A143,A151,2,A171,1,A191,A201
11,A12,8,A32,A49,A61,A72,3,A94,A101,2,A121,26,A143,A152,1,A173,1,A192,A201
12,A12,6,A32,A43,A61,A74,3,A94,A103,3,A121,28,A141,A152,1,A172,1,A191,A201
13,A11,36,A34,A41,A61,A74,4,A93,A101,4,A123,24,A143,A152,2,A173,1,A192,A201
14,A11,48,A32,A44,A61,A73,3,A93,A101,4,A123,54,A143,A152,1,A173,1,A191,A201
15,A11,48,A32,A40,A61,A74,4,A93,A101,4,A124,46,A143,A153,1,A173,2,A191,A201
16,A12,36,A33,A40,A61,A73,2,A92,A101,2,A122,54,A143,A151,1,A173,1,A191,A201
17,A14,6,A32,A44,A63,A73,1,A91,A101,4,A121,62,A143,A152,1,A173,1,A191,A201
18,A14,6,A34,A43,A61,A74,1,A92,A101,2,A123,24,A143,A151,2,A173,1,A192,A201
19,A11,36,A32,A410,A61,A71,2,A91,A102,3,A123,43,A143,A152,1,A174,1,A191,A201
20,A11,18,A32,A43,A61,A73,4,A94,A101,3,A121,26,A141,A152,1,A173,1,A191,A201
21,A14,12,A32,A40,A61,A73,3,A94,A101,2,A121,27,A143,A152,2,A173,1,A192,A201
22,A13,12,A32,A43,A61,A73,3,A94,A101,1,A123,24,A143,A152,1,A173,1,A191,A201
23,A11,36,A32,A42,A61,A75,2,A93,A101,2,A122,41,A141,A152,1,A173,2,A191,A201
24,A11,8,A34,A40,A61,A75,4,A93,A101,4,A121,47,A143,A152,2,A172,1,A191,A201
25,A14,18,A34,A42,A61,A72,3,A91,A101,2,A123,35,A143,A152,2,A174,1,A192,A201
26,A11,21,A34,A40,A61,A75,4,A94,A101,3,A123,30,A143,A152,2,A173,1,A192,A201
27,A11,18,A34,A40,A61,A75,1,A92,A101,4,A121,33,A141,A151,3,A173,1,A192,A201
28,A14,18,A30,A49,A61,A73,2,A93,A101,2,A123,36,A142,A152,2,A173,2,A191,A201
29,A11,36,A32,A41,A65,A75,3,A93,A101,4,A124,47,A143,A153,1,A173,1,A191,A201
30,A12,48,A33,A49,A65,A73,4,A93,A101,4,A124,38,A143,A153,1,A173,2,A192,A201
31,A14,24,A33,A49,A63,A73,4,A93,A101,2,A123,44,A143,A152,2,A173,2,A192,A201
32,A11,18,A32,A40,A61,A72,4,A92,A101,3,A123,23,A143,A151,1,A173,1,A192,A201
33,A11,45,A30,A49,A61,A75,2,A93,A101,4,A123,29,A143,A151,2,A173,1,A191,A201
34,A12,24,A32,A43,A65,A75,2,A92,A101,4,A123,42,A143,A152,1,A173,1,A192,A201
35,A13,15,A32,A43,A61,A72,2,A92,A101,3,A121,25,A143,A152,1,A172,1,A191,A201
36,A11,12,A30,A40,A61,A73,4,A93,A101,4,A123,48,A141,A152,2,A173,1,A191,A201
37,A14,12,A32,A43,A65,A73,4,A92,A101,2,A123,21,A143,A152,1,A173,1,A191,A201
38,A14,4,A32,A42,A61,A72,1,A92,A101,3,A121,23,A143,A151,1,A172,2,A191,A201
39,A11,24,A34,A41,A61,A75,4,A93,A101,4,A122,63,A143,A152,2,A173,1,A192,A201
40,A14,24,A34,A43,A61,A75,4,A94,A102,3,A121,46,A143,A152,2,A173,1,A191,A201
41,A11,36,A32,A42,A61,A74,4,A93,A101,2,A122,29,A143,A152,1,A173,1,A191,A201
42,A14,21,A33,A41,A61,A73,3,A93,A101,2,A121,28,A142,A152,2,A172,1,A191,A201
43,A14,18,A32,A45,A61,A72,4,A92,A101,4,A121,23,A143,A152,1,A173,1,A191,A201
44,A14,24,A31,A49,A61,A74,4,A93,A101,4,A123,50,A141,A152,1,A173,1,A192,A201
45,A14,18,A32,A42,A61,A75,4,A93,A101,4,A122,47,A141,A152,3,A173,2,A192,A201
46,A12,21,A32,A42,A65,A74,2,A93,A101,3,A123,35,A143,A152,1,A173,1,A192,A201
47,A14,18,A32,A40,A65,A73,2,A93,A101,4,A123,68,A143,A151,2,A173,1,A191,A201
48,A14,24,A32,A40,A61,A72,4,A94,A101,2,A121,28,A143,A152,1,A173,1,A191,A201
49,A11,9,A32,A43,A61,A74,3,A93,A101,4,A121,59,A143,A152,1,A173,1,A191,A201
50,A11,12,A32,A43,A61,A75,4,A93,A101,4,A121,57,A142,A152,1,A172,1,A191,A201
51,A11,20,A34,A40,A61,A73,4,A94,A103,2,A122,33,A141,A151,2,A173,1,A191,A202
52,A14,24,A34,A41,A65,A74,3,A93,A101,4,A122,43,A143,A152,2,A173,1,A192,A201
53,A14,15,A34,A43,A61,A73,4,A93,A101,4,A124,35,A143,A153,2,A173,1,A192,A201
54,A11,18,A31,A40,A61,A74,4,A93,A101,4,A124,32,A143,A153,2,A172,2,A191,A201
55,A14,36,A33,A40,A61,A75,2,A93,A101,2,A123,45,A143,A152,2,A173,2,A192,A201
56,A14,24,A32,A40,A62,A72,4,A94,A101,3,A121,33,A143,A152,1,A173,1,A192,A201
57,A14,10,A32,A48,A65,A74,4,A92,A101,3,A122,40,A143,A152,1,A173,1,A192,A201
58,A14,15,A34,A42,A61,A73,4,A93,A101,2,A124,28,A143,A153,1,A173,1,A192,A201
59,A11,15,A32,A40,A61,A73,3,A92,A101,2,A122,29,A143,A152,1,A173,1,A192,A201
60,A14,9,A32,A40,A62,A73,1,A93,A103,2,A121,26,A143,A151,1,A173,2,A191,A202
61,A14,24,A34,A41,A64,A73,4,A93,A101,2,A121,27,A143,A152,2,A173,1,A191,A201
62,A14,18,A33,A49,A61,A73,4,A94,A101,2,A123,28,A143,A152,1,A173,1,A192,A201
63,A11,24,A32,A43,A61,A72,4,A92,A101,4,A121,35,A143,A152,1,A173,1,A192,A201
64,A14,27,A34,A42,A64,A72,4,A93,A101,2,A121,32,A142,A152,2,A172,2,A192,A201
65,A14,10,A32,A42,A61,A73,2,A93,A101,2,A121,25,A141,A151,1,A172,1,A191,A201
66,A14,15,A32,A42,A63,A73,2,A92,A101,4,A123,20,A143,A151,1,A173,1,A191,A201
67,A11,18,A32,A43,A61,A72,4,A92,A101,1,A123,27,A142,A152,1,A173,1,A191,A201
68,A14,12,A34,A42,A61,A75,2,A93,A101,4,A122,42,A142,A152,1,A173,1,A191,A201
69,A14,36,A32,A49,A65,A75,3,A93,A101,2,A122,37,A143,A152,2,A173,1,A191,A201
70,A11,12,A32,A42,A61,A75,4,A92,A101,4,A122,24,A143,A151,1,A173,1,A191,A201
71,A14,36,A33,A42,A63,A74,2,A92,A101,4,A123,40,A143,A152,2,A173,1,A192,A201
72,A13,6,A34,A40,A61,A75,1,A93,A101,4,A121,46,A143,A152,2,A173,2,A191,A202
73,A11,24,A34,A49,A62,A74,4,A93,A101,1,A121,26,A143,A152,2,A173,1,A192,A201
74,A14,15,A32,A44,A65,A72,4,A92,A101,1,A121,24,A143,A152,1,A173,1,A191,A201
75,A11,12,A32,A42,A61,A73,2,A93,A102,2,A122,29,A143,A152,1,A172,2,A191,A201
76,A12,11,A34,A40,A64,A73,4,A92,A101,4,A123,40,A143,A152,2,A173,1,A191,A201
77,A11,18,A31,A43,A61,A72,3,A93,A102,4,A124,36,A141,A153,1,A174,1,A192,A201
78,A14,36,A32,A43,A61,A75,4,A93,A101,2,A123,28,A143,A152,1,A173,1,A191,A201
79,A11,9,A32,A40,A61,A72,3,A93,A101,2,A124,27,A143,A153,1,A174,1,A192,A201
80,A14,30,A34,A43,A65,A74,2,A93,A101,3,A122,36,A143,A152,2,A173,1,A191,A201
81,A14,24,A32,A41,A61,A74,3,A93,A101,3,A123,38,A143,A152,1,A174,1,A192,A201
82,A14,24,A32,A41,A65,A73,2,A91,A101,4,A124,48,A143,A153,1,A173,1,A192,A201
83,A12,30,A34,A40,A65,A75,4,A93,A101,4,A121,36,A143,A152,2,A173,1,A191,A201
84,A14,18,A34,A43,A61,A71,4,A92,A101,4,A123,65,A143,A152,2,A171,1,A191,A201
85,A12,24,A32,A42,A61,A74,3,A91,A101,3,A123,43,A143,A152,1,A173,1,A192,A201
86,A11,12,A32,A46,A61,A72,4,A92,A101,4,A122,53,A143,A152,1,A173,1,A191,A201
87,A12,24,A34,A49,A65,A74,4,A93,A101,3,A124,34,A143,A152,2,A173,2,A192,A201
88,A12,48,A32,A49,A61,A73,2,A93,A101,2,A123,23,A143,A152,1,A173,1,A192,A201
89,A14,36,A34,A40,A61,A75,4,A93,A101,4,A123,34,A143,A152,2,A174,1,A192,A201
90,A14,28,A31,A41,A65,A72,3,A93,A103,4,A121,40,A141,A151,2,A173,2,A192,A201
91,A11,27,A34,A49,A61,A75,4,A93,A101,4,A123,43,A142,A152,4,A174,2,A192,A201
92,A14,15,A34,A43,A61,A75,4,A93,A101,4,A123,46,A143,A152,2,A173,1,A192,A201
93,A11,12,A34,A40,A61,A73,4,A93,A101,4,A122,38,A141,A152,2,A172,1,A191,A202
94,A12,36,A34,A41,A61,A73,3,A93,A101,4,A123,34,A143,A152,2,A173,1,A192,A201
95,A14,18,A34,A43,A65,A73,4,A93,A101,3,A122,29,A143,A152,2,A173,1,A192,A201
96,A14,36,A33,A41,A65,A74,3,A93,A101,2,A123,31,A142,A152,1,A174,2,A192,A201
97,A11,21,A32,A43,A61,A72,4,A92,A101,4,A122,28,A143,A151,1,A174,1,A192,A201
98,A14,12,A34,A42,A64,A74,3,A92,A101,2,A122,35,A143,A152,1,A173,1,A191,A202
99,A14,15,A32,A42,A65,A74,1,A92,A101,4,A121,33,A141,A151,1,A172,1,A191,A201
100,A11,18,A32,A42,A61,A73,2,A93,A102,3,A123,42,A143,A152,1,A173,1,A191,A201
101,A11,16,A34,A40,A61,A75,2,A93,A103,4,A122,43,A141,A151,1,A173,1,A192,A201
102,A14,20,A34,A40,A65,A72,2,A91,A101,4,A121,44,A143,A152,2,A173,1,A192,A201
103,A14,36,A34,A41,A65,A75,2,A93,A101,4,A124,42,A143,A153,2,A173,1,A191,A201
104,A14,15,A32,A43,A65,A73,4,A94,A101,2,A121,40,A143,A151,1,A173,1,A192,A201
105,A14,24,A32,A43,A61,A75,4,A93,A101,1,A121,36,A143,A152,1,A174,1,A192,A201
106,A11,12,A32,A43,A61,A73,2,A93,A101,2,A121,20,A143,A151,1,A174,2,A192,A201
107,A11,21,A32,A40,A65,A74,2,A93,A102,2,A121,24,A143,A152,1,A172,1,A191,A202
108,A12,36,A32,A46,A65,A73,2,A94,A101,2,A123,27,A143,A152,1,A173,1,A191,A201
109,A14,15,A33,A41,A61,A72,1,A92,A101,2,A122,46,A143,A152,2,A172,1,A191,A201
110,A12,9,A32,A40,A65,A73,1,A92,A101,2,A121,33,A143,A152,1,A172,1,A191,A201
111,A14,36,A33,A43,A61,A73,4,A92,A101,4,A121,34,A143,A152,2,A173,1,A191,A201
112,A12,24,A34,A42,A61,A72,2,A92,A101,4,A123,25,A141,A152,1,A172,1,A191,A201
113,A12,30,A32,A43,A65,A75,2,A92,A101,4,A123,25,A143,A152,1,A173,1,A191,A201
114,A14,11,A32,A49,A64,A75,1,A91,A101,2,A121,28,A143,A152,1,A173,1,A192,A201
115,A11,24,A31,A49,A61,A73,4,A93,A101,2,A122,31,A143,A151,1,A173,1,A192,A201
116,A12,48,A30,A410,A61,A73,1,A92,A101,2,A122,32,A141,A152,1,A174,1,A192,A202
117,A14,10,A32,A41,A62,A73,1,A93,A102,2,A121,32,A143,A152,1,A173,2,A191,A201
118,A11,6,A32,A40,A61,A75,1,A93,A101,4,A124,68,A141,A152,1,A174,1,A192,A201
119,A11,24,A32,A42,A62,A71,1,A91,A101,1,A122,33,A143,A152,1,A173,1,A191,A201
120,A11,24,A32,A42,A61,A75,4,A93,A101,2,A122,39,A143,A151,1,A174,1,A192,A201
121,A14,18,A34,A42,A61,A73,4,A92,A101,2,A124,28,A143,A152,2,A173,1,A191,A201
122,A14,48,A33,A43,A63,A74,4,A93,A101,1,A123,37,A143,A152,1,A174,1,A192,A201
123,A11,9,A32,A43,A61,A72,3,A92,A101,4,A122,22,A143,A151,1,A173,1,A191,A201
124,A12,12,A32,A40,A61,A74,3,A93,A101,4,A122,30,A143,A151,1,A173,2,A192,A201
125,A11,24,A31,A42,A61,A72,2,A91,A101,1,A122,55,A141,A152,1,A173,1,A192,A201
126,A11,12,A31,A40,A61,A72,4,A93,A101,2,A123,46,A141,A152,2,A173,1,A192,A201
127,A11,18,A34,A42,A61,A72,4,A92,A101,4,A122,21,A143,A151,1,A173,1,A191,A201
128,A11,48,A32,A41,A61,A74,4,A93,A101,4,A124,39,A142,A153,3,A173,2,A192,A201
129,A14,30,A32,A43,A65,A75,4,A93,A101,4,A123,58,A143,A152,1,A173,1,A192,A201
130,A11,12,A33,A40,A61,A73,4,A93,A101,2,A121,43,A143,A152,2,A172,2,A191,A201
131,A11,24,A32,A42,A61,A72,4,A93,A102,1,A122,24,A143,A152,1,A172,1,A191,A202
132,A12,9,A32,A43,A61,A72,4,A92,A101,2,A123,22,A143,A152,1,A173,1,A192,A201
133,A14,9,A34,A40,A61,A73,3,A93,A101,1,A121,30,A143,A152,2,A173,1,A191,A201
134,A14,12,A34,A43,A63,A75,4,A93,A101,4,A122,42,A143,A152,2,A173,2,A192,A201
135,A11,12,A32,A43,A61,A73,4,A92,A101,1,A123,23,A141,A152,1,A173,1,A191,A201
136,A12,30,A33,A43,A62,A72,4,A93,A101,3,A124,30,A142,A152,2,A174,1,A191,A201
137,A13,9,A32,A43,A61,A73,3,A92,A101,2,A121,28,A143,A152,1,A172,1,A191,A201
138,A12,6,A32,A43,A61,A72,4,A94,A101,3,A123,30,A143,A151,1,A174,1,A192,A201
139,A12,60,A32,A46,A61,A73,4,A93,A101,4,A124,42,A143,A153,1,A173,1,A191,A201
140,A14,24,A34,A41,A65,A73,2,A93,A101,4,A122,46,A143,A152,2,A174,2,A192,A201
141,A14,12,A32,A40,A65,A72,2,A93,A101,3,A122,45,A143,A152,1,A174,2,A192,A201
142,A14,10,A32,A40,A61,A73,3,A93,A101,2,A121,31,A143,A152,1,A172,2,A191,A202
143,A14,24,A32,A42,A65,A74,4,A93,A101,2,A123,31,A142,A152,1,A173,1,A192,A201
144,A14,4,A34,A40,A61,A74,2,A93,A101,1,A121,42,A143,A152,3,A172,2,A191,A201
145,A11,15,A32,A42,A61,A72,4,A92,A103,1,A122,46,A143,A151,1,A173,1,A191,A201
146,A12,48,A30,A40,A63,A72,1,A92,A101,1,A123,30,A143,A152,2,A173,1,A191,A201
147,A11,24,A31,A42,A63,A72,4,A93,A101,4,A124,30,A143,A153,1,A173,2,A192,A201
148,A14,12,A32,A40,A65,A71,4,A93,A101,4,A124,38,A143,A152,1,A174,1,A192,A201
149,A14,18,A32,A42,A61,A72,4,A94,A102,1,A122,43,A143,A152,1,A172,2,A191,A201
150,A14,24,A32,A43,A62,A75,2,A93,A101,4,A123,31,A143,A152,2,A173,1,A191,A201
151,A12,18,A34,A49,A61,A71,3,A94,A101,3,A123,40,A143,A152,3,A171,2,A192,A201
152,A11,36,A33,A49,A61,A74,2,A93,A101,1,A123,24,A143,A152,2,A173,1,A192,A201
153,A12,24,A32,A41,A63,A72,3,A92,A101,4,A123,28,A143,A151,1,A173,1,A191,A201
154,A14,36,A32,A42,A61,A71,4,A92,A101,2,A123,26,A143,A152,2,A174,1,A192,A201
155,A11,12,A32,A40,A61,A73,4,A92,A103,4,A122,29,A143,A152,1,A173,1,A192,A201
156,A11,24,A34,A43,A64,A75,4,A92,A101,4,A122,57,A143,A151,2,A174,1,A192,A201
157,A13,30,A34,A43,A65,A75,4,A93,A101,4,A122,49,A142,A152,2,A172,1,A191,A201
158,A12,9,A34,A43,A61,A75,2,A93,A101,4,A121,37,A143,A152,3,A172,1,A191,A201
159,A11,28,A32,A40,A61,A73,3,A93,A101,2,A123,45,A143,A152,1,A172,1,A191,A201
160,A12,24,A32,A42,A62,A75,4,A93,A101,4,A124,30,A143,A153,1,A173,1,A191,A201
161,A14,6,A34,A43,A61,A75,2,A94,A101,2,A121,30,A143,A151,2,A173,1,A191,A201
162,A12,21,A33,A40,A61,A73,1,A91,A101,4,A122,47,A143,A152,2,A173,1,A191,A201
163,A14,15,A32,A40,A65,A73,3,A93,A101,2,A124,29,A143,A152,1,A173,1,A191,A201
164,A14,24,A32,A43,A63,A75,3,A93,A101,2,A123,35,A141,A152,2,A173,1,A192,A201
165,A12,6,A32,A45,A61,A72,3,A94,A101,1,A122,22,A143,A152,1,A172,1,A191,A201
166,A12,30,A32,A43,A65,A73,4,A92,A101,1,A123,26,A143,A152,1,A173,1,A191,A201
167,A12,27,A34,A43,A63,A73,4,A93,A101,2,A122,23,A143,A152,2,A172,1,A191,A201
168,A14,15,A32,A43,A61,A75,4,A92,A101,2,A123,54,A141,A151,1,A174,1,A192,A201
169,A14,42,A32,A43,A65,A74,2,A94,A101,4,A122,29,A143,A151,1,A173,1,A192,A201
170,A11,11,A34,A40,A61,A73,1,A93,A101,2,A121,40,A143,A152,2,A172,2,A191,A201
171,A12,15,A32,A45,A62,A73,4,A93,A103,2,A121,22,A143,A152,1,A173,1,A191,A201
172,A14,24,A32,A40,A61,A73,1,A93,A101,4,A122,43,A143,A152,1,A172,2,A191,A201
173,A11,24,A31,A40,A61,A71,1,A92,A102,4,A124,29,A143,A151,2,A171,1,A191,A201
174,A11,60,A32,A49,A61,A75,4,A93,A102,4,A124,36,A143,A151,1,A173,1,A191,A201
175,A14,30,A34,A43,A61,A73,4,A92,A101,2,A123,33,A143,A152,1,A173,1,A192,A201
176,A13,24,A32,A43,A63,A73,3,A92,A101,3,A123,57,A143,A152,1,A172,1,A191,A201
177,A12,6,A32,A43,A61,A73,2,A92,A103,3,A121,64,A143,A152,1,A173,1,A191,A201
178,A12,18,A33,A49,A65,A75,4,A93,A101,2,A122,42,A143,A152,2,A173,1,A191,A201
179,A14,24,A33,A40,A61,A75,4,A93,A101,4,A123,47,A143,A152,2,A172,2,A191,A201
180,A12,15,A31,A40,A62,A73,2,A94,A101,2,A122,25,A143,A151,1,A173,1,A191,A201
181,A12,30,A34,A42,A61,A74,2,A93,A101,2,A122,49,A143,A152,1,A173,1,A191,A201
182,A14,48,A32,A49,A61,A71,3,A93,A101,2,A123,33,A141,A151,1,A174,1,A192,A201
183,A13,21,A32,A40,A62,A73,1,A92,A101,1,A123,28,A141,A152,1,A174,1,A192,A201
184,A11,36,A32,A41,A61,A73,2,A93,A101,2,A122,26,A143,A152,1,A173,2,A191,A201
185,A14,24,A34,A42,A61,A74,2,A93,A101,2,A122,30,A143,A152,2,A172,1,A191,A201
186,A11,15,A34,A42,A61,A73,4,A92,A101,3,A122,25,A143,A151,2,A173,1,A191,A201
187,A13,42,A30,A49,A61,A72,2,A91,A101,1,A122,33,A143,A152,2,A173,1,A191,A201
188,A14,13,A32,A43,A62,A71,2,A92,A101,4,A121,64,A143,A152,1,A173,1,A191,A201
189,A11,24,A32,A41,A61,A71,4,A93,A101,2,A124,29,A143,A153,1,A174,1,A192,A201
190,A12,24,A34,A43,A61,A75,4,A93,A101,2,A122,48,A143,A152,2,A172,1,A191,A201
191,A14,12,A34,A46,A65,A72,2,A93,A101,1,A122,37,A143,A152,2,A172,2,A191,A201
192,A14,15,A31,A43,A62,A75,4,A93,A101,4,A123,34,A141,A152,1,A172,2,A191,A201
193,A11,18,A32,A43,A65,A74,2,A94,A101,4,A123,23,A143,A151,2,A172,1,A191,A201
194,A11,36,A32,A42,A61,A71,4,A93,A101,3,A122,30,A143,A152,1,A174,1,A192,A201
195,A14,12,A32,A40,A65,A75,4,A93,A101,3,A123,50,A143,A152,1,A173,1,A192,A201
196,A14,12,A32,A42,A61,A74,3,A92,A101,4,A121,31,A143,A152,1,A172,1,A191,A201
197,A11,30,A32,A41,A61,A73,4,A91,A101,4,A122,40,A143,A152,1,A174,1,A192,A201
198,A14,12,A32,A43,A61,A75,4,A93,A101,4,A123,38,A143,A152,1,A173,1,A191,A201
199,A11,45,A32,A43,A61,A73,4,A93,A101,4,A124,23,A143,A153,1,A173,1,A192,A201
200,A12,45,A34,A41,A62,A71,3,A93,A101,4,A123,27,A143,A152,1,A173,1,A191,A201
